frase;situacao
sinto uma forte dor no peito e falta de ar;alto risco
estou com dor no peito e suor frio;alto risco
meu coração está muito acelerado e estou com tontura;alto risco
sinto aperto no peito quando faço esforço;alto risco
estou com muita falta de ar mesmo estando parado;alto risco
desmaiei depois de sentir palpitações;alto risco
estou com dor forte no peito que começou de repente;alto risco
sinto falta de ar e uma forte pressão no peito;alto risco
estou com palpitações acompanhadas de fraqueza intensa;alto risco
sinto dor no peito que está piorando rapidamente;alto risco
sinto uma dor no peito que se espalha para o braço esquerdo;alto risco
acordei de madrugada sem conseguir respirar direito;alto risco
estou com suor frio e uma sensação de que vou desmaiar;alto risco
minhas pernas estão muito inchadas e mal consigo respirar;alto risco
meu coração dispara sozinho e sinto o peito apertado;alto risco
perdi a consciência por alguns segundos durante a caminhada;alto risco
sinto uma pressão forte no peito que não passa há uma hora;alto risco
estou com falta de ar intensa e lábios arroxeados;alto risco
tive uma dor no peito com náusea e suor intenso;alto risco
meu coração está batendo de forma muito irregular e sinto fraqueza;alto risco
tive um leve cansaço depois de caminhar;baixo risco
estou com um pequeno desconforto nas costas;baixo risco
senti uma leve tontura ao levantar rapidamente;baixo risco
estou um pouco cansado depois de subir escadas;baixo risco
senti uma palpitação leve que passou rapidamente;baixo risco
estou com um leve desconforto no peito que já melhorou;baixo risco
sinto um pouco de cansaço no final do dia;baixo risco
tive uma leve dor muscular depois de fazer exercício;baixo risco
estou me sentindo cansado depois de uma noite mal dormida;baixo risco
senti uma pequena fraqueza depois de ficar muito tempo sem comer;baixo risco
tive uma pontada rápida no peito ao tossir e já passou;baixo risco
senti o coração acelerar um pouco depois do café mas voltou ao normal;baixo risco
estou com um leve inchaço no tornozelo depois de ficar o dia em pé;baixo risco
fiquei um pouco sem fôlego depois de correr para pegar o ônibus;baixo risco
sinto uma dorzinha leve no ombro depois de dormir mal;baixo risco
estou com um pouco de sono e cansaço depois do almoço;baixo risco
tive uma tontura rápida quando acordei e logo melhorou;baixo risco
estou com uma dor de cabeça leve por causa do calor;baixo risco
senti um ligeiro aperto no peito durante uma discussão e passou em minutos;baixo risco
estou com um cansaço leve depois da aula de ginástica;baixo risco
